Title,Source,Date
La carta del papa Francisco por la muerte de Hebe de Bonafini,Página/12,Hace 8 horas
El adiós a Hebe de Bonafini,Página/12,Hace 1 hora
Madres de Plaza de Mayo cuestionó con dureza un mensaje de Alberto Fernández por la muerte de Hebe de Bonafini,LA NACION,Hace 4 horas
Strassera termina siendo el símbolo de los derechos humanos que no fue Bonafini,infobae,Hace 20 horas
"El mensaje del papa Francisco, tras la muerte de Hebe de Bonafini: ""Quiero estar cerca de todos los que lloran su ...",Clarín,Hace 8 horas
Agresiva respuesta de Madres de Plaza de Mayo al pésame de Alberto Fernández: “Por suerte Hebe hizo público todo lo que pensaba de usted”,infobae,Hace 14 horas
Murió Hebe de Bonafini: qué significa el asueto dictado por el Gobierno y cómo fue la despedida en redes,LA NACION,Hace 10 horas
"Francisco envió una carta por la muerte de Bonafini: “Mantuvo viva la búsqueda de verdad, memoria y justicia”",infobae,Hace 8 horas
"Una ministra de Rodríguez Larreta homenajeó a Hebe de Bonafini: ""Fue un símbolo de lucha""",ámbito.com,Hace 23 horas
"Feinmann despidió a Hebe de Bonafini: ""Ser dañino"" y ""madre de terroristas""",Perfil.com,Hace 7 horas
La carta del Papa a las Madres: 'Quiero estar cerca de todos los que lloran su partida',Télam,Hace 6 horas
"La historia de Hebe de Bonafini, emblema de la resistencia a la dictadura y al neoliberalismo",Página/12,Hace 20 horas
"Las Madres cruzaron a Alberto: ""Por suerte Hebe hizo público todo lo que pensaba de usted""",La Política Online,Hace 4 horas
Muerte de Hebe de Bonafini: cuántos días de duelo ha decretado el gobierno y cuándo será el funeral,AS Argentina,Hace 7 horas
"Estela de Carlotto despidió a Hebe de Bonafini: ""Es un día muy triste para todo el país""",El Cronista,Ayer
Feinmann habló sobre la muerte de Bonafini: “Tenía el pañuelo blanco manchado de corrupción” | Noticias,La Voz del Interior,Hace 6 horas
"Bonafini, cara y cruz de un personaje insoslayable",Cadena 3,Hace 9 horas
Controvertida respuesta de una senadora kirchnerista a las críticas contra Hebe de Bonafini,MDZ Online,Hace 3 horas
"Hebe de Bonafini: ""El día que me muera tienen que hacer una fiesta en la Plaza""",Perfil.com,Hace 10 horas
"Hebe, la memoria y la implantación de un modelo económico",ámbito.com,Hace 21 horas
Murió Hebe de Bonafini: la dura respuesta de Madres de Plaza de Mayo al mensaje de despedida de Alberto Fernández,Clarín,Hace 20 horas
"Muere en Argentina Hebe de Bonafini, icono de la lucha por los derechos humanos",EL PAÍS,Ayer
"El arzobispo platense ""Tucho"" Fernández reveló las últimas palabras de Hebe de Bonafini",Diario El Dia,Ayer
"Murió Hebe de Bonafini, presidenta de la Asociación Madres de Plaza de Mayo",La Izquierda Diario,Ayer
El pañuelo de Hebe de Bonafini en el Juicio a las Juntas,Página/12,Hace 20 horas
Desde Madres de Plaza de Mayo Línea Fundadora también despiden a Hebe,Tiempo Argentino,Ayer
Madres de Plaza de Mayo cruzó a Alberto Fernández y convocó el jueves a despedir a Bonafini,elDiarioAr.com,Hace 6 horas
La última ronda de Hebe de Bonafini: Madres de Plaza de Mayo la despedirá en una marcha,Bae Negocios,Hace 3 horas
Hebe de Bonafini: las muertes nunca se celebran,El Litoral,Hace 10 horas
Tres días de duelo nacional por la muerte de Hebe,Télam,Ayer
"Murió Hebe de Bonafini, símbolo mundial de la lucha por los Derechos Humanos",tvpublica.com.ar,Ayer
Cristina despidió a De Bonafini: Dios te llamó el Día de la Soberanía Nacional,Cadena 3,Ayer
"Tras la muerte de Hebe de Bonafini, el Gobierno nacional decretó tres días de duelo",Los Andes (Mendoza),Ayer
"Madres de Plaza de Mayo, contra Alberto Fernández: “Por suerte Hebe hizo público lo que pensaba de usted”",La Voz del Interior,Hace 4 horas
La muerte de Hebe de Bonafini expuso la grieta en toda su dimensión,infobae,Hace 16 horas
"Murió Hebe de Bonafini, socia ilustre de Gimnasia y apasionada por Diego Maradona",Rumbo a Tokio,Ayer
De ama de casa a ícono global de los derechos humanos,Letra P,Ayer
"Murió Hebe de Bonafini, histórica líder de Madres de Plaza de Mayo",La Política Online,Ayer
Las cenizas de Hebe de Bonafini descansarán en la Plaza de Mayo,A24.com,Ayer
Hebe de Bonafini: sus frases más recordadas y polémicas,El Cronista,Ayer
"Raúl Zaffaroni: ""Hebe era una brújula ética""",Página/12,Hace 8 horas
Murió Hebe de Bonafini: la dualidad de una mujer que representó dos Argentinas muy distintas,Clarín,Ayer
"Murió en La Plata Hebe de Bonafini, titular de Madres de Plaza de Mayo",Diario El Dia,Hace 15 horas
Por pedido de Hebe: Madres de Plaza de Mayo informó dónde descansarán las cenizas de su presidenta,LA NACION,Ayer
"Muerte de Hebe de Bonafini: quién era, qué hizo y por qué es tan famosa",AS Argentina,Hace 22 horas
"La carta del Papa Francisco a las Madres: ""Quiero estar cerca de todos los que lloran su partida""",ámbito.com,Hace 8 horas
Dónde será el velatorio de Hebe de Bonafini,MDZ Online,Ayer
"Alberto Fernández no pega una: Madres de Plaza de Mayo, furiosas",Urgente 24,Hace 7 horas
"El Congreso, con la bandera a media asta por la muerte de Hebe de Bonafini",Télam,Hace 10 horas
Agradecimiento a profesionales,La Capital,Ayer
Falleció Hebe de Bonafini a los 93 años,Bae Negocios,Ayer
"Hebe, madre de todas las luchas",Tiempo Argentino,Ayer
